{
  "timestamp": "2026-04-19T11:45:56.392659",
  "drift_detected": true,
  "checks": {
    "tenure": {
      "historical_mean": 32.35119807174252,
      "new_data_mean": 18.3,
      "relative_difference": 0.43433314606306767
    },
    "MonthlyCharges": {
      "historical_mean": 64.75457252233092,
      "new_data_mean": 59.739999999999995,
      "relative_difference": 0.07743966564155695
    },
    "TotalCharges": {
      "historical_mean": 2282.0840599261574,
      "new_data_mean": 1426.7250000000001,
      "relative_difference": 0.3748148784576409
    }
  }
}