{
  "timestamp": "2026-04-27T01:45:42.147664",
  "drift_detected": true,
  "checks": {
    "tenure": {
      "historical_mean": 32.3313039784794,
      "new_data_mean": 18.3,
      "relative_difference": 0.4339850800275157
    },
    "MonthlyCharges": {
      "historical_mean": 64.74747274529237,
      "new_data_mean": 59.739999999999995,
      "relative_difference": 0.07733850381547058
    },
    "TotalCharges": {
      "historical_mean": 2280.871128757799,
      "new_data_mean": 1426.7250000000001,
      "relative_difference": 0.37448241490456274
    }
  }
}