{
  "timestamp": "2026-04-25T01:21:32.038079",
  "accuracy": 0.7968860580325549,
  "precision": 0.6606498194945848,
  "recall": 0.4867021276595745,
  "f1_score": 0.5604900459418071
}