{
  "timestamp": "2026-04-18T19:49:59.294728",
  "accuracy": 0.8001417434443657,
  "precision": 0.6678700361010831,
  "recall": 0.49333333333333335,
  "f1_score": 0.5674846625766872
}