{
  "timestamp": "2026-04-30T01:54:19.089132",
  "accuracy": 0.7968860580325549,
  "precision": 0.6606498194945848,
  "recall": 0.4867021276595745,
  "f1_score": 0.5604900459418071
}